{
  "__comment__": "This file was automatically created by mcresources",
  "type": "tfc:fissure",
  "config": {
    "wall_state": "tfc:rock/raw/basalt",
    "fluid_state": "minecraft:lava",
    "count": 3,
    "radius": 6,
    "decoration": {
      "blocks": [
        {
          "replace": [
            "tfc:rock/raw/rhyolite"
          ],
          "with": [
            {
              "block": "gtceu:rhyolite_topaz_ore"
            }
          ]
        },
        {
          "replace": [
            "tfc:rock/raw/basalt"
          ],
          "with": [
            {
              "block": "gtceu:basalt_topaz_ore"
            }
          ]
        },
        {
          "replace": [
            "tfc:rock/raw/andesite"
          ],
          "with": [
            {
              "block": "gtceu:andesite_topaz_ore"
            }
          ]
        },
        {
          "replace": [
            "tfc:rock/raw/dacite"
          ],
          "with": [
            {
              "block": "gtceu:dacite_topaz_ore"
            }
          ]
        },
        {
          "replace": [
            "tfc:rock/raw/granite"
          ],
          "with": [
            {
              "block": "gtceu:granite_topaz_ore"
            }
          ]
        },
        {
          "replace": [
            "tfc:rock/raw/diorite"
          ],
          "with": [
            {
              "block": "gtceu:diorite_topaz_ore"
            }
          ]
        },
        {
          "replace": [
            "tfc:rock/raw/gabbro"
          ],
          "with": [
            {
              "block": "gtceu:gabbro_topaz_ore"
            }
          ]
        },
        {
          "replace": [
            "tfc:rock/raw/quartzite"
          ],
          "with": [
            {
              "block": "gtceu:quartzite_topaz_ore"
            }
          ]
        },
        {
          "replace": [
            "tfc:rock/raw/slate"
          ],
          "with": [
            {
              "block": "gtceu:slate_topaz_ore"
            }
          ]
        },
        {
          "replace": [
            "tfc:rock/raw/phyllite"
          ],
          "with": [
            {
              "block": "gtceu:phyllite_topaz_ore"
            }
          ]
        },
        {
          "replace": [
            "tfc:rock/raw/schist"
          ],
          "with": [
            {
              "block": "gtceu:schist_topaz_ore"
            }
          ]
        },
        {
          "replace": [
            "tfc:rock/raw/gneiss"
          ],
          "with": [
            {
              "block": "gtceu:gneiss_topaz_ore"
            }
          ]
        },
        {
          "replace": [
            "tfc:rock/raw/marble"
          ],
          "with": [
            {
              "block": "gtceu:marble_topaz_ore"
            }
          ]
        }
      ],
      "radius": 3,
      "count": 6,
      "rarity": 3
    }
  }
}