{
  "variants": {
    "age=0": {
      "model": "fff:cassava_age_0",
      "texture": "fff:cassava_0"
    },
    "age=1": {
      "model": "fff:cassava_age_1",
      "texture": "fff:cassava_1"
    },
    "age=2": {
      "model": "fff:cassava_age_2",
      "texture": "fff:cassava_2"
    },
    "age=3": {
      "model": "fff:cassava_age_3",
      "texture": "fff:cassava_3"
    },
    "age=4": {
      "model": "fff:cassava_age_4",
      "texture": "fff:cassava_4"
    },
    "age=5": {
      "model": "fff:cassava_age_5",
      "texture": "fff:cassava_5"
    },
    "age=6": {
      "model": "fff:cassava_age_6",
      "texture": "fff:cassava_6"
    },
    "age=7": {
      "model": "fff:cassava_age_7",
      "texture": "fff:cassava_7"
    }
  }
}