{
  "variants": {
    "age=0": {
      "model": "fff:mustard_age_0",
      "texture": "fff:mustard_0"
    },
    "age=1": {
      "model": "fff:mustard_age_1",
      "texture": "fff:mustard_1"
    },
    "age=2": {
      "model": "fff:mustard_age_2",
      "texture": "fff:mustard_2"
    },
    "age=3": {
      "model": "fff:mustard_age_3",
      "texture": "fff:mustard_3"
    },
    "age=4": {
      "model": "fff:mustard_age_4",
      "texture": "fff:mustard_4"
    },
    "age=5": {
      "model": "fff:mustard_age_5",
      "texture": "fff:mustard_5"
    },
    "age=6": {
      "model": "fff:mustard_age_6",
      "texture": "fff:mustard_6"
    },
    "age=7": {
      "model": "fff:mustard_age_7",
      "texture": "fff:mustard_7"
    }
  }
}